{"cameraMode":{"drawMode":0,"name":"Shaded","section":"Shading Mode"},"sceneLighting":true,"audioPlay":false,"sceneViewState":{"showFog":true,"showMaterialUpdate":true,"showSkybox":true,"showFlares":true,"showImageEffects":true,"showParticleSystems":true},"in2DMode":false,"pivot":{"x":-0.9055904746055603,"y":-0.31338250637054446,"z":1.815314769744873},"rotation":{"x":0.1965005099773407,"y":-0.13832159340381623,"z":0.02799360640347004,"w":0.970308780670166},"size":3.681450366973877,"orthographic":false}