{"cameraMode":{"drawMode":0,"name":"Shaded","section":"Shading Mode"},"sceneLighting":true,"audioPlay":false,"sceneViewState":{"showFog":true,"showMaterialUpdate":true,"showSkybox":true,"showFlares":true,"showImageEffects":true,"showParticleSystems":true},"in2DMode":false,"pivot":{"x":1.5806589126586915,"y":2.322202682495117,"z":-0.7530584931373596},"rotation":{"x":0.3274241089820862,"y":-0.07981168478727341,"z":0.027754561975598336,"w":0.9411231279373169},"size":0.7536155581474304,"orthographic":false}