{"cameraMode":{"drawMode":0,"name":"Shaded","section":"Shading Mode"},"sceneLighting":false,"audioPlay":false,"sceneViewState":{"showFog":true,"showMaterialUpdate":true,"showSkybox":false,"showFlares":true,"showImageEffects":true,"showParticleSystems":true},"in2DMode":false,"pivot":{"x":-0.4000000059604645,"y":0.5,"z":-0.4000000059604645},"rotation":{"x":0.15715020895004273,"y":-0.38199833035469057,"z":0.06607038527727127,"w":0.9083194136619568},"size":1.8957058191299439,"orthographic":false}