{"cameraMode":{"drawMode":0,"name":"Shaded","section":"Shading Mode"},"sceneLighting":true,"audioPlay":false,"sceneViewState":{"showFog":true,"showMaterialUpdate":true,"showSkybox":true,"showFlares":true,"showImageEffects":true,"showParticleSystems":true},"in2DMode":false,"pivot":{"x":-1.3318610191345215,"y":0.6474094390869141,"z":-0.4944777488708496},"rotation":{"x":0.23494888842105866,"y":-0.35494717955589297,"z":0.092625692486763,"w":0.9001457095146179},"size":11.389275550842286,"orthographic":false}