{"cameraMode":{"drawMode":0,"name":"Shaded","section":"Shading Mode"},"sceneLighting":false,"audioPlay":false,"sceneViewState":{"showFog":true,"showMaterialUpdate":true,"showSkybox":false,"showFlares":true,"showImageEffects":true,"showParticleSystems":true},"in2DMode":false,"pivot":{"x":-0.4000000059604645,"y":0.5,"z":-0.4000000059604645},"rotation":{"x":0.24480806291103364,"y":-0.293077677488327,"z":0.07788746058940888,"w":0.9209443926811218},"size":1.8957058191299439,"orthographic":false}