{"cameraMode":{"drawMode":0,"name":"Shaded","section":"Shading Mode"},"sceneLighting":true,"audioPlay":false,"sceneViewState":{"showFog":true,"showMaterialUpdate":true,"showSkybox":true,"showFlares":true,"showImageEffects":true,"showParticleSystems":true},"in2DMode":false,"pivot":{"x":5.464890003204346,"y":-1.7409534454345704,"z":1.9620717763900757},"rotation":{"x":0.39382439851760867,"y":0.24941906332969666,"z":-0.1119351014494896,"w":0.8776208758354187},"size":5.428029537200928,"orthographic":false}