{"cameraMode":{"drawMode":0,"name":"Shaded","section":"Shading Mode"},"sceneLighting":true,"audioPlay":false,"sceneViewState":{"showFog":true,"showMaterialUpdate":true,"showSkybox":true,"showFlares":true,"showImageEffects":true,"showParticleSystems":true},"in2DMode":false,"pivot":{"x":-49.3892822265625,"y":177.51150512695313,"z":-46.23565673828125},"rotation":{"x":0.15883496403694154,"y":-0.536514401435852,"z":0.1036323830485344,"w":0.8223048448562622},"size":1326.0338134765625,"orthographic":false}