{"cameraMode":{"drawMode":0,"name":"Shaded","section":"Shading Mode"},"sceneLighting":true,"audioPlay":false,"sceneViewState":{"showFog":true,"showMaterialUpdate":true,"showSkybox":true,"showFlares":true,"showImageEffects":true,"showParticleSystems":true},"in2DMode":false,"pivot":{"x":-1.595060110092163,"y":1.9464373588562012,"z":3.250077247619629},"rotation":{"x":0.4419182240962982,"y":0.01695234328508377,"z":-0.008360646665096283,"w":0.8968908190727234},"size":8.816516876220704,"orthographic":false}